id,case_text,isP_bin,1RE_val,2RE_val,G_val,A_val
9B16N001,,1,BROWN,SOUTHERN ASIA,MAN,
9B17A001,,1,ASIAN,SOUTHERN ASIA,MAN,35
9B17A003,,0,,,,
9B17A005,,1,WHITE,,MAN,40
9B17A006,,1,BROWN,NORTH AMERICA,MAN,
9B17A007,,1,WHITE,EASTERN ASIA,WOMAN,
9B17A008,,1,BROWN,,WOMAN,
9B17A009,,0,,,,
9B17A010,,1,BROWN,SOUTHERN ASIA,MAN,
9B17A012,,1,WHITE,NORTH AMERICA,MAN,
9B17A013,,1,BROWN,NORTH AMERICA,MAN,
9B17A014,,1,WHITE,SOUTHERN ASIA,MAN,43
9B17A015,,1,BROWN,NORTH AMERICA,MAN,
9B17A016,,1,BROWN,SOUTHERN ASIA,MAN,
9B17A017,,1,WHITE,CARIBBEAN,WOMAN,
9B17A018,,0,,,,
9B17A019,,1,WHITE,SOUTHERN ASIA,MAN,
9B17A020,,0,,,,
9B17A021,,1,WHITE,,MAN,
9B17A022,,0,,,,
9B17A023,,0,,,,
9B17A024,,1,BROWN,SOUTHERN ASIA,MAN,
9B17A025,,1,WHITE,SOUTHERN ASIA,MAN,
9B17A026,,1,BROWN,,MAN,
9B17A027,,1,WHITE,NORTH AMERICA,WOMAN,
9B17A028,,1,BROWN,SOUTHERN ASIA,MAN,
9B17A029,,0,,,,
9B17A030,,0,,,,
9B17A031,,1,BLACK,NORTH AMERICA,MAN,37
9B17A032,,0,,,,
9B17A033,,1,BROWN,NORTH AMERICA,MAN,
9B17A034,,0,,,,
9B17A035,,1,WHITE,,MAN,25
9B17A036,,1,WHITE,SOUTHERN ASIA,MAN,
9B17A043,,1,WHITE,SOUTHERN ASIA,MAN,53
9B17A045,,1,BROWN,SOUTHERN ASIA,MAN,
9B17A047,,1,BROWN,SOUTHERN ASIA,MAN,
9B17A048,,0,,,,
9B17A049,,1,WHITE,SOUTHERN ASIA,MAN,
9B17A050,,1,WHITE,,MAN,
9B17A053,,1,ASIAN,NORTH AMERICA,WOMAN,
9B17A054,,1,WHITE,,MAN,
9B17A055,,1,WHITE,,MAN,
9B17A057,,0,,,,
9B17A058,,1,,SOUTHERN ASIA,MAN,
9B17A059,,1,BROWN,,MAN,
9B17A060,,1,WHITE,EASTERN ASIA,WOMAN,
9B17A061,,1,BROWN,SOUTHERN ASIA,MAN,
9B17A062,,1,BROWN,NORTH AMERICA,MAN,
9B17A063,,1,WHITE,SOUTHERN ASIA,MAN,
9B17A064,,1,BROWN,NORTH AMERICA,MAN,
9B17A065,,1,BROWN,NORTH AMERICA,WOMAN,
9B17A066,,1,ASIAN,SOUTHERN ASIA,MAN,
9B17A067,,1,WHITE,NORTH AMERICA,MAN,60
9B17A069,,1,WHITE,EASTERN EUROPE,WOMAN,23
9B17B002,,1,BROWN,,MAN,
9B17B004,,1,WHITE,WESTERN ASIA,MAN,51
9B17B005,,1,WHITE,,WOMAN,
9B17B006,,1,WHITE,SOUTHERN ASIA,MAN,59
9B17B007,,1,WHITE,NORTH AMERICA,MAN,
9B17B009,,0,,,,
9B17B010,,0,,,,
9B17B011,,1,WHITE,,WOMAN,
9B17B012,,1,WHITE,SOUTH AMERICA,WOMAN,
9B17B013,,1,BROWN,EASTERN ASIA,MAN,
9B17B014,,1,WHITE,SOUTHERN ASIA,MAN,
9B17B015,,1,BROWN,EASTERN ASIA,WOMAN,
9B17B016,,1,ASIAN,,MAN,
9B17B017,,1,,,MAN,
9B17B019,,1,WHITE,NORTH AMERICA,WOMAN,
9B17B021,,1,WHITE,EASTERN ASIA,WOMAN,
9B17B022,,1,WHITE,SOUTHEASTERN ASIA,WOMAN,
9B17C001,,1,WHITE,NORTH AMERICA,MAN,
9B17C002,,0,,,,
9B17C004,,0,,,,
9B17C006,,1,WHITE,EASTERN ASIA,MAN,
9B17C007,,1,BROWN,SOUTHERN ASIA,MAN,
9B17C008,,1,BROWN,SOUTHERN ASIA,MAN,
9B17C009,,1,BROWN,SOUTHERN ASIA,MAN,
9B17C010,,1,BROWN,SOUTHERN ASIA,MAN,
9B17C011,,1,BROWN,,MAN,
9B17C012,,1,ASIAN,NORTH AMERICA,MAN,
9B17C013,,1,WHITE,UNKNOWN,WOMAN,
9B17C014,,1,ASIAN,NORTH AMERICA,MAN,
9B17C015,,1,BROWN,EASTERN ASIA,MAN,
9B17C016,,1,BROWN,SOUTHERN ASIA,MAN,
9B17C017,,1,BROWN,NORTH AMERICA,MAN,80
9B17C019,,1,BROWN,NORTH AMERICA,MAN,
9B17C021,,1,BROWN,SOUTHERN EUROPE,MAN,48
9B17C022,,1,BROWN,,MAN,
9B17C023,,0,,,,
9B17C026,,1,WHITE,SOUTHERN ASIA,WOMAN,
9B17C027,,1,BROWN,SOUTHERN ASIA,MAN,
9B17C029,,1,BROWN,EASTERN ASIA,MAN,
9B17C030,,1,WHITE,SOUTHERN ASIA,MAN,58
9B17C033,,1,ASIAN,NORTH AMERICA,MAN,
9B17C034,,1,BROWN,NORTH AMERICA,MAN,
9B17C035,,1,BROWN,SOUTHERN ASIA,MAN,
9B17C036,,1,ASIAN,,MAN,76
9B17C040,,1,BLACK,EASTERN AFRICA,MAN,
9B17C041,,1,BROWN,SOUTHERN ASIA,MAN,
9B17C042,,1,WHITE,SOUTHERN AFRICA,MAN,35
9B17C043,,1,ASIAN,NORTH AMERICA,MAN,
9B17C045,,1,WHITE,UNKNOWN,MAN,
9B17C046,,1,BLACK,SOUTHERN AFRICA,MAN,
9B17C047,,1,ASIAN,,MAN,30
9B17C048,,1,WHITE,WESTERN EUROPE,WOMAN,
9B17D002,,1,BROWN,SOUTHERN ASIA,MAN,
9B17D003,,1,WHITE,NORTH AMERICA,MAN,66
9B17D004,,1,BROWN,SOUTHERN ASIA,MAN,
9B17D005,,1,BROWN,,MAN,
9B17D006,,1,WHITE,,WOMAN,
9B17D007,,1,WHITE,UNKNOWN,MAN,
9B17D008,,1,BROWN,NORTH AMERICA,MAN,
9B17D012,,1,WHITE,,MAN,
9B17D013,,1,WHITE,NORTH AMERICA,WOMAN,
9B17D014,,1,BROWN,SOUTHERN EUROPE,WOMAN,
9B17D015,,1,,SOUTHERN ASIA,MAN,
9B17D016,,1,BROWN,,MAN,
9B17D017,,1,WHITE,NORTH AMERICA,MAN,
9B17D018,,1,WHITE,NORTH AMERICA,MAN,
9B17D020,,1,ASIAN,SOUTHERN ASIA,MAN,
9B17D023,,1,WHITE,NORTH AMERICA,MAN,
9B17D024,,1,WHITE,NORTH AMERICA,WOMAN,
9B17D025,,1,BROWN,NORTH AMERICA,MAN,
9B17E001,,1,WHITE,NORTH AMERICA,WOMAN,
9B17E003,,0,WHITE,,MAN,
9B17E004,,0,,,,
9B17E005,,1,WHITE,SOUTHERN ASIA,MAN,
9B17E007,,1,BROWN,SOUTHERN ASIA,MAN,
9B17E008,,1,BROWN,EASTERN AFRICA,MAN,
9B17E009,,1,BROWN,EASTERN ASIA,MAN,
9B17E010,,1,,NORTH AMERICA,MAN,
9B17E011,,0,,,,
9B17E012,,1,BROWN,NORTH AMERICA,MAN,
9B17E013,,1,WHITE,SOUTHERN ASIA,MAN,
9B17E014,,1,WHITE,,MAN,50
9B17E016,,1,WHITE,SOUTH AMERICA,MAN,57
9B17M001,,1,ASIAN,EASTERN ASIA,MAN,
9B17M002,,1,WHITE,SOUTHERN ASIA,MAN,74
9B17M003,,1,ASIAN,EASTERN ASIA,MAN,60
9B17M004,,1,ASIAN,WESTERN EUROPE,WOMAN,36
9B17M005,,0,,,,
9B17M006,,1,BROWN,,MAN,
9B17M007,,1,BROWN,WESTERN EUROPE,WOMAN,
9B17M008,,0,,,,
9B17M010,,1,WHITE,WESTERN EUROPE,MAN,
9B17M011,,1,WHITE,,MAN,
9B17M013,,1,BROWN,SOUTHERN ASIA,WOMAN,
9B17M014,,1,BROWN,SOUTHERN ASIA,WOMAN,
9B17M015,,1,BROWN,,WOMAN,
9B17M017,,1,WHITE,SOUTHERN EUROPE,WOMAN,
9B17M018,,0,,,,
9B17M019,,1,WHITE,NORTH AMERICA,MAN,
9B17M020,,1,WHITE,NORTH AMERICA,WOMAN,
9B17M021,,1,ASIAN,,MAN,36
9B17M025,,0,,,,
9B17M027,,1,WHITE,NORTH AMERICA,MAN,
9B17M030,,0,,,,
9B17M031,,1,BLACK,SOUTHERN ASIA,MAN,57
9B17M032,,1,ASIAN,,MAN,
9B17M033,,0,,,,
9B17M035,,1,BROWN,NORTH AMERICA,MAN,
9B17M036,,1,WHITE,SOUTHERN ASIA,MAN,
9B17M037,,1,WHITE,SOUTHERN ASIA,MAN,
9B17M038,,0,,,,
9B17M039,,1,WHITE,,MAN,
9B17M040,,1,WHITE,SOUTHERN ASIA,WOMAN,
9B17M044,,1,WHITE,EASTERN ASIA,MAN,
9B17M045,,1,ASIAN,,MAN,47
9B17M046,,1,BLACK,NORTH AMERICA,MAN,
9B17M047,,1,WHITE,NORTH AMERICA,MAN,
9B17M049,,1,WHITE,,MAN,
9B17M052,,0,,,,
9B17M055,,1,WHITE,,MAN,
9B17M056,,0,,,,
9B17M057,,1,WHITE,,MAN,
9B17M058,,1,WHITE,EASTERN ASIA,MAN,
9B17M059,,0,,,,
9B17M061,,1,WHITE,NORTH AMERICA,MAN,
9B17M063,,1,WHITE,,MAN,51
9B17M064,,1,WHITE,SOUTHERN ASIA,MAN,
9B17M066,,1,INDIGENOUS,NORTH AMERICA,MAN,
9B17M067,,1,ASIAN,SOUTHERN ASIA,MAN,
9B17M068,,1,WHITE,NORTH AMERICA,MAN,
9B17M071,,0,,,,
9B17M072,,0,,,,
9B17M073,,1,WHITE,,MAN,
9B17M076,,1,WHITE,,MAN,
9B17M077,,1,WHITE,,WOMAN,
9B17M078,,0,,,,
9B17M079,,1,BROWN,NORTH AMERICA,MAN,51
9B17M080,,1,ASIAN,SOUTHERN ASIA,MAN,
9B17M081,,1,WHITE,NORTH AMERICA,MAN,53
9B17M082,,1,WHITE,NORTH AMERICA,MAN,
9B17M083,,1,BLACK,SOUTHERN ASIA,MAN,
9B17M084,,1,BROWN,NORTH AMERICA,MAN,
9B17M085,,1,WHITE,NORTH AMERICA,WOMAN,
9B17M086,,1,ASIAN,,MAN,
9B17M087,,1,WHITE,NORTH AMERICA,MAN,
9B17M088,,1,WHITE,SOUTHERN ASIA,MAN,
9B17M089,,1,BROWN,WESTERN EUROPE,MAN,
9B17M090,,1,WHITE,SOUTHERN ASIA,WOMAN,45
9B17M092,,0,,,,
9B17M093,,1,BROWN,EASTERN ASIA,MAN,
9B17M096,,1,ASIAN,NORTH AMERICA,MAN,
9B17M097,,1,BROWN,NORTH AMERICA,MAN,
9B17M098,,1,BROWN,SOUTHERN ASIA,MAN,
9B17M099,,1,WHITE,NORTH AMERICA,MAN,
9B17M101,,1,BROWN,SOUTHERN ASIA,MAN,
9B17M102,,0,,,,
9B17M107,,1,WHITE,SOUTHERN ASIA,MAN,
9B17M109,,1,WHITE,SOUTH AMERICA,MAN,
9B17M110,,0,,,,
9B17M114,,1,WHITE,,MAN,44
9B17M115,,1,WHITE,SOUTHERN ASIA,MAN,
9B17M116,,0,,,,
9B17M117,,1,ASIAN,SOUTHERN ASIA,MAN,
9B17M118,,1,BROWN,NORTH AMERICA,MAN,
9B17M119,,1,WHITE,,MAN,46
9B17M120,,0,,,,
9B17M121,,1,WHITE,,WOMAN,
9B17M122,,0,,,,
9B17M123,,1,WHITE,EASTERN ASIA,MAN,42
9B17M124,,1,,EASTERN ASIA,MAN,
9B17M125,,1,BROWN,,MAN,
9B17M126,,1,ASIAN,SOUTHERN ASIA,MAN,
9B17M127,,1,ASIAN,SOUTHERN ASIA,MAN,
9B17M128,,1,BROWN,,MAN,
9B17M129,,1,,AUSTRALIA AND NEW ZEALAND,WOMAN,
9B17M130,,1,WHITE,SOUTHERN ASIA,MAN,
9B17M134,,1,WHITE,NORTH AMERICA,MAN,71
9B17M135,,1,WHITE,NORTH AMERICA,MAN,71
9B17M136,,1,WHITE,NORTH AMERICA,MAN,71
9B17M137,,0,,,,
9B17M138,,1,,,WOMAN,
9B17M139,,1,WHITE,,MAN,
9B17M142,,1,WHITE,NORTH AMERICA,MAN,42
9B17M143,,1,BROWN,SOUTHERN ASIA,WOMAN,
9B17M144,,0,,,,
9B17M146,,0,,,,
9B17M147,,1,BROWN,EASTERN ASIA,MAN,
9B17M148,,1,WHITE,,MAN,
9B17M149,,0,,,,
9B17M150,,1,WHITE,SOUTHERN ASIA,WOMAN,
9B17M151,,1,BROWN,NORTH AMERICA,MAN,
9B17M155,,0,,,,
9B17M157,,0,,,,
9B17M158,,0,,,,
9B17M160,,1,WHITE,NORTH AMERICA,MAN,59
9B17M164,,1,ASIAN,NORTH AMERICA,MAN,58
9B17M165,,1,BROWN,NORTH AMERICA,MAN,
9B17M166,,0,,,,
9B17M169,,1,WHITE,,MAN,44
9B17M170,,0,,,,
9B17M172,,1,ASIAN,EASTERN ASIA,WOMAN,
9B17M174,,1,WHITE,NORTHERN EUROPE,WOMAN,
9B17M175,,1,WHITE,,MAN,
9B17M177,,1,BROWN,,MAN,
9B17M180,,1,BROWN,,MAN,51
9B17M181,,1,WHITE,SOUTHERN ASIA,MAN,
9B17M183,,1,WHITE,NORTH AMERICA,MAN,
9B17M184,,1,WHITE,NORTH AMERICA,WOMAN,46
9B17M186,,1,WHITE,NORTH AMERICA,MAN,
9B17M187,,1,WHITE,SOUTHERN ASIA,MAN,45
9B17M188,,1,WHITE,NORTH AMERICA,WOMAN,
9B17N001,,1,ASIAN,EASTERN ASIA,MAN,
9B17N002,,1,ASIAN,SOUTHERN AFRICA,MAN,77
9B17N005,,1,BROWN,,WOMAN,
9B17N006,,0,,,,
9B17N007,,0,,,,
9B17N008,,1,ASIAN,WESTERN EUROPE,MAN,
9B17N009,,1,WHITE,,WOMAN,
9B17N010,,0,,,,
9B17N011,,1,WHITE,NORTH AMERICA,MAN,
9B17N012,,1,BROWN,SOUTHERN ASIA,WOMAN,
9B17N014,,0,,,,
9B17N015,,0,,,,
9B17N017,,0,,,,
9B17N018,,0,,,,
9B17N019,,1,BROWN,,MAN,
9B17N021,,0,,,,
9B17N022,,1,WHITE,SOUTHERN ASIA,MAN,
9B17N023,,0,,,,
9B17N024,,1,WHITE,SOUTH AMERICA,WOMAN,
9B18A002,,1,WHITE,,MAN,
9B18A003,,1,BROWN,SOUTHERN ASIA,MAN,
9B18A004,,1,BROWN,SOUTHERN ASIA,MAN,
9B18A006,,1,BROWN,NORTH AMERICA,MAN,
9B18A007,,1,BROWN,EASTERN ASIA,MAN,
9B18A009,,1,BROWN,SOUTHERN ASIA,MAN,56
9B18A010,,1,BROWN,NORTH AMERICA,MAN,
9B18A011,,1,ASIAN,WESTERN EUROPE,WOMAN,
9B18A013,,1,WHITE,,MAN,52
9B18A014,,1,WHITE,NORTH AMERICA,MAN,44
9B18A016,,1,WHITE,NORTH AMERICA,WOMAN,
9B18A017,,1,WHITE,SOUTHERN ASIA,MAN,
9B18A018,,1,ASIAN,NORTH AMERICA,MAN,
9B18A019,,0,,,,
9B18A022,,1,BROWN,SOUTHERN ASIA,MAN,
9B18A023,,1,BROWN,SOUTHERN ASIA,MAN,
9B18A024,,0,,,,
9B18A025,,0,,,,
9B18A026,,1,WHITE,EASTERN ASIA,MAN,
9B18A027,,1,ASIAN,NORTH AMERICA,WOMAN,
9B18A028,,1,BROWN,NORTH AMERICA,MAN,
9B18A029,,1,,WESTERN ASIA,WOMAN,
9B18A030,,1,BROWN,NORTH AMERICA,MAN,
9B18A032,,0,,,,
9B18A033,,1,BROWN,SOUTHERN ASIA,MAN,
9B18A034,,1,BROWN,NORTH AMERICA,WOMAN,
9B18A035,,1,WHITE,NORTH AMERICA,WOMAN,
9B18A036,,1,WHITE,SOUTHERN ASIA,MAN,
9B18A037,,1,WHITE,,MAN,
9B18A038,,1,,SOUTHERN ASIA,WOMAN,
9B18A040,,1,BROWN,SOUTHERN ASIA,MAN,
9B18A045,,0,,,,
9B18A046,,0,,,,
9B18A047,,1,BROWN,NORTH AMERICA,MAN,
9B18A048,,1,BROWN,,MAN,
9B18A049,,1,WHITE,SOUTHERN ASIA,MAN,42
9B18A050,,1,BROWN,EASTERN ASIA,MAN,
9B18A051,,0,,,,
9B18A052,,1,WHITE,NORTH AMERICA,MAN,53
9B18A053,,0,,,,
9B18A054,,1,BROWN,NORTHERN EUROPE,MAN,
9B18A055,,0,,,,
9B18A056,,1,WHITE,EASTERN ASIA,MAN,53
9B18A058,,1,ASIAN,EASTERN ASIA,MAN,
9B18A059,,1,WHITE,SOUTHERN AFRICA,,
9B18A060,,1,BROWN,SOUTHERN ASIA,MAN,
9B18A061,,1,BROWN,WESTERN ASIA,MAN,37
9B18A062,,1,BROWN,SOUTHERN ASIA,MAN,
9B18A063,,1,BROWN,SOUTHERN ASIA,MANï¼ŒMAN,
9B18A064,,1,BROWN,SOUTHERN ASIA,WOMAN,33
9B18A066,,1,BROWN,SOUTHERN ASIA,MAN,
9B18A067,,1,WHITE,NORTH AMERICA,MAN,
9B18A068,,1,ASIAN,EASTERN ASIA,MAN,48
9B18A069,,0,,,,
9B18A070,,1,BROWN,SOUTHERN ASIA,MAN,
9B18B002,,1,BROWN,NORTH AMERICA,MAN,33
9B18B003,,1,WHITE,NORTH AMERICA,WOMAN,
9B18B004,,1,WHITE,NORTH AMERICA,MAN,
9B18B005,,1,WHITE,,WOMAN,
9B18B006,,1,BROWN,NORTH AMERICA,MAN,
9B18B007,,1,WHITE,NORTH AMERICA,MAN,
9B18B008,,1,WHITE,,MAN,61
9B18B009,,1,WHITE,NORTH AMERICA,MAN,
9B18B010,,1,WHITE,EASTERN AFRICA,MAN,
9B18B011,,1,WHITE,SOUTHERN ASIA,MAN,46
9B18B013,,0,,,,
9B18B015,,1,WHITE,NORTH AMERICA,MAN,
9B18B016,,1,WHITE,NORTH AMERICA,WOMAN,
9B18B017,,1,WHITE,WESTERN EUROPE,WOMAN,
9B18B019,,1,WHITE,NORTH AMERICA,MAN,
9B18B020,,1,WHITE,NORTH AMERICA,WOMAN,
9B18B021,,1,WHITE,NORTH AMERICA,WOMAN,19
9B18B022,,1,WHITE,NORTH AMERICA,MAN,
9B18C002,,1,ASIAN,NORTH AMERICA,WOMAN,64
9B18C003,,1,WHITE,,MAN,61
9B18C004,,1,BROWN,,MAN,
9B18C005,,1,WHITE,,MAN,
9B18C006,,1,WHITE,,MAN,41
9B18C007,,1,WHITE,NORTH AMERICA,WOMAN,
9B18C008,,1,WHITE,,MAN,
9B18C009,,1,BROWN,SOUTHERN ASIA,MAN,
9B18C010,,1,ASIAN,SOUTHERN ASIA,MAN,
9B18C011,,1,WHITE,NORTH AMERICA,MAN,
9B18C012,,1,WHITE,NORTH AMERICA,MAN,53
9B18C013,,1,WHITE,NORTH AMERICA,MAN,
9B18C014,,1,,NORTH AMERICA,MAN,
9B18C015,,1,WHITE,SOUTHERN AFRICA,MAN,
9B18C016,,1,BROWN,,WOMAN,
9B18C017,,1,ASIAN,SOUTHERN ASIA,MAN,56
9B18C018,,1,BROWN,SOUTHERN ASIA,MAN,
9B18C019,,1,BROWN,EASTERN ASIA,MAN,
9B18C020,,1,BROWN,SOUTHERN ASIA,MAN,
9B18C022,,1,WHITE,NORTH AMERICA,WOMAN,
9B18C023,,1,BROWN,NORTH AMERICA,MAN,
9B18C024,,1,WHITE,SOUTHERN ASIA,MAN,
9B18C025,,1,BROWN,SOUTHERN ASIA,MAN,
9B18C026,,1,WHITE,NORTH AMERICA,WOMAN,
9B18C027,,1,WHITE,SOUTHERN ASIA,WOMAN,
9B18C028,,1,BROWN,EASTERN ASIA,MAN,
9B18C031,,1,WHITE,NORTH AMERICA,MAN,
9B18C032,,1,WHITE,NORTH AMERICA,MAN,
9B18C033,,1,WHITE,,MAN,
9B18C034,,1,ASIAN,SOUTHEASTERN ASIA,WOMAN,20
9B18C039,,1,WHITE,AUSTRALIA AND NEW ZEALAND,MAN,28
9B18C040,,1,WHITE,NORHTERN AMERICA,MAN,63
9B18C041,,1,WHITE,NORTH AMERICA,MAN,
9B18C042,,0,,,,
9B18C043,,0,,,,
9B18C044,,1,WHITE,NORTH AMERICA,MAN,
9B18C045,,1,WHITE,SOUTHERN AFRICA,WOMAN,
9B18C046,,1,WHITE,NORTH AMERICA,WOMAN,
9B18C050,,1,WHITE,NORTH AMERICA,MAN,
9B18D001,,1,ASIAN,EASTERN ASIA,MAN,89
9B18D002,,1,ASIAN,SOUTHERN ASIA,MAN,
9B18D004,,1,ASIAN,EASTERN EUROPE,MAN,53
9B18D005,,1,BROWN,EASTERN ASIA,MAN,
9B18D008,,1,WHITE,NORTH AMERICA,MAN,
9B18D010,,1,BROWN,EASTERN ASIA,MAN,
9B18D011,,1,WHITE,NORTH AMERICA,WOMAN,
9B18D012,,1,ASIAN,NORTH AMERICA,MAN,
9B18D013,,1,WHITE,SOUTHERN ASIA,MAN,
9B18D014,,1,BROWN,NORTH AMERICA,MAN,
9B18D015,,1,WHITE,EASTERN ASIA,MAN,
9B18D017,,1,WHITE,,MAN,54
9B18D018,,1,WHITE,SOUTHERN AFRICA,MAN,
9B18D019,,1,ASIAN,,MAN,
9B18D020,,1,WHITE,NORTH AMERICA,WOMAN,
9B18D021,,1,BROWN,SOUTHERN ASIA,MAN,
9B18D022,,1,WHITE,WESTERN EUROPE,MAN,
9B18D023,,1,BROWN,SOUTHERN ASIA,MAN,
9B18D024,,1,WHITE,NORTH AMERICA,WOMAN,
9B18D025,,1,WHITE,NORTH AMERICA,WOMAN,
9B18D026,,1,WHITE,NORTH AMERICA,WOMAN,
9B18E003,,1,BROWN,,MAN,
9B18E004,,1,WHITE,SOUTHERN ASIA,MAN,
9B18E005,,1,WHITE,NORTH AMERICA,MAN,
9B18E006,,1,WHITE,,MAN,55
9B18E007,,1,WHITE,NORTH AMERICA,WOMAN,
9B18E008,,1,ASIAN,NORTH AMERICA,WOMAN,
9B18E010,,0,,,,
9B18E011,,1,BROWN,SOUTHERN ASIA,MAN,
9B18E012,,1,ASIAN,,MAN,
9B18E013,,1,WHITE,WESTERN AFRICA,MAN,56
9B18E014,,0,,,,
9B18E015,,1,WHITE,EASTERN ASIA,MAN,
9B18E018,,1,BROWN,SOUTHERN ASIA,MAN,
9B18E019,,1,WHITE,NORTH AMERICA,MAN,
9B18E020,,1,WHITE,NORTH AMERICA,MAN,
9B18M003,,1,ASIAN,NORTH AMERICA,MAN,
9B18M004,,1,ASIAN,,WOMAN,36
9B18M006,,1,BROWN,,MAN,
9B18M007,,1,WHITE,EASTERN ASIA,MAN,
9B18M008,,1,WHITE,NORTH AMERICA,WOMAN,
9B18M014,,1,,,MAN,
9B18M020,,1,WHITE,SOUTH AMERICA,MAN,
9B18M022,,1,,,MAN,
9B18M023,,1,BROWN,SOUTH AMERICA,MAN,
9B18M026,,1,WHITE,SOUTHERN ASIA,MAN,53
9B18M027,,1,BROWN,WESTERN EUROPE,MAN,37
9B18M028,,1,ASIAN,NORTH AMERICA,MAN,50
9B18M029,,1,,NORTH AMERICA,WOMAN,
9B18M031,,0,,,,
9B18M032,,1,BROWN,NORTH AMERICA,MAN,
9B18M033,,0,,,,
9B18M035,,1,INDIGENOUS,EASTERN ASIA,MAN,
9B18M036,,1,ASIAN,SOUTHERN ASIA,MAN,57
9B18M039,,0,,,,
9B18M041,,1,WHITE,NORTH AMERICA,MAN,39
9B18M044,,1,WHITE,,WOMAN,
9B18M045,,1,WHITE,SOUTHERN AFRICA,MAN,
9B18M046,,1,BLACK,WESTERN ASIA,WOMAN,
9B18M047,,1,WHITE,NORTH AMERICA,WOMAN,
9B18M048,,1,WHITE,WESTERN EUROPE,WOMAN,
9B18M049,,1,WHITE,EASTERN AFRICA,WOMAN,
9B18M050,,1,WHITE,NORTHERN EUROPE,MAN,62
9B18M052,,1,WHITE,,MAN,51
9B18M053,,0,,,,
9B18M054,,0,,,,
9B18M055,,0,,,,
9B18M056,,0,,,,
9B18M057,,0,,,,
9B18M058,,0,,,,
9B18M059,,0,,,,
9B18M060,,1,BROWN,NORTH AMERICA,MAN,44
9B18M061,,0,,,,
9B18M062,,1,BROWN,NORTH AMERICA,MAN,
9B18M063,,1,ASIAN,SOUTHERN ASIA,MAN,
9B18M064,,0,,,,
9B18M065,,1,BROWN,SOUTHERN ASIA,MAN,
9B18M066,,1,BROWN,SOUTHERN ASIA,MAN,
9B18M067,,0,,,,
9B18M068,,1,BROWN,,MAN,
9B18M069,,1,BROWN,,MAN,53
9B18M071,,1,WHITE,NORTH AMERICA,MAN,
9B18M072,,1,WHITE,NORTH AMERICA,MAN,
9B18M074,,1,WHITE,,WOMAN,
9B18M075,,0,,,,
9B18M076,,1,BLACK,NORTH AMERICA,MAN,
9B18M077,,1,WHITE,NORTH AMERICA,MAN,70
9B18M078,,1,WHITE,WESTERN EUROPE,MAN,
9B18M079,,1,WHITE,,MAN,
9B18M080,,0,,,,
9B18M081,,1,WHITE,,MAN,
9B18M082,,1,WHITE,,MAN,
9B18M083,,1,WHITE,NORTHERN EUROPE,MAN,
9B18M084,,1,WHITE,NORTH AMERICA,WOMAN,
9B18M085,,1,ASIAN,NORTH AMERICA,MAN,
9B18M086,,1,WHITE,SOUTHERN ASIA,MAN,
9B18M087,,1,WHITE,NORTH AMERICA,MAN,53
9B18M088,,1,INDIGENOUS,NORTH AMERICA,MAN,
9B18M089,,1,WHITE,NORTH AMERICA,MAN,
9B18M090,,0,,,,
9B18M091,,0,,,,
9B18M092,,0,,,,
9B18M093,,1,WHITE,WESTERN EUROPE,MAN,
9B18M094,,1,WHITE,NORTH AMERICA,MAN,
9B18M095,,1,ASIAN,NORTH AMERICA,WOMAN,
9B18M096,,1,WHITE,NORTH AMERICA,MAN,
9B18M097,,1,BLACK,NORTH AMERICA,MAN,
9B18M098,,1,ASIAN,,MAN,
9B18M099,,1,WHITE,CARIBBEAN,MAN,
9B18M100,,0,,,,
9B18M101,,1,BROWN,EASTERN AFRICA,WOMAN,
9B18M102,,1,BLACK,WESTERN EUROPE,MAN,
9B18M104,,1,BROWN,NORTH AMERICA,MAN,
9B18M105,,1,WHITE,EASTERN EUROPE,MAN,
9B18M106,,1,WHITE,SOUTHERN ASIA,WOMAN,29
9B18M107,,1,ASIAN,NORTH AMERICA,MAN,
9B18M108,,1,ASIAN,,WOMAN,
9B18M109,,1,WHITE,SOUTHERN ASIA,MAN,
9B18M110,,1,WHITE,NORTH AMERICA,WOMAN,57
9B18M111,,1,WHITE,NORTH AMERICA,MAN,49
9B18M112,,1,WHITE,NORTH AMERICA,WOMAN,57
9B18M113,,1,WHITE,WESTERN EUROPE,WOMAN,57
9B18M114,,1,BROWN,,MAN,
9B18M115,,1,WHITE,EASTERN ASIA,MAN,55
9B18M116,,1,WHITE,NORTH AMERICA,MAN,
9B18M118,,1,WHITE,SOUTHERN ASIA,MAN,66
9B18M119,,1,WHITE,WESTERN EUROPE,MAN,
9B18M124,,1,ASIAN,NORTH AMERICA,MAN,
9B18M125,,1,,SOUTH AMERICA,MAN,
9B18M126,,1,WHITE,,MAN,
9B18M127,,1,ASIAN,NORTH AMERICA,MAN,33
9B18M128,,0,,,,
9B18M129,,1,WHITE,NORTH AMERICA,WOMAN,
9B18M130,,1,WHITE,,MAN,
9B18M137,,1,ASIAN,NORTH AMERICA,MAN,
9B18M138,,1,,NORTH AMERICA,MAN,
9B18M139,,1,BROWN,,WOMAN,
9B18M140,,1,WHITE,NORTH AMERICA,WOMAN,
9B18M141,,1,WHITE,EASTERN ASIA,MAN,
9B18M142,,1,ASIAN,SOUTHERN ASIA,MAN,56
9B18M143,,1,BROWN,EASTERN ASIA,MAN,
9B18M144,,1,BROWN,,WOMAN,
9B18M145,,1,BROWN,SOUTHEASTERN ASIA,MAN,
9B18M146,,0,,,,
9B18M147,,1,ASIAN,SOUTHERN ASIA,MAN,
9B18M148,,0,,,,
9B18M149,,0,,,,
9B18M150,,1,ASIAN,EASTERN ASIA,MAN,41
9B18M151,,0,,,,
9B18M152,,1,WHITE,NORTH AMERICA,MAN,
9B18M154,,1,WHITE,NORTH AMERICA,MAN,
9B18M155,,0,,,,
9B18M157,,1,BROWN,SOUTHERN ASIA,MAN,31
9B18M158,,1,BROWN,NORTH AMERICA,WOMAN,
9B18M159,,1,WHITE,WESTERN EUROPE,MAN,
9B18M162,,1,WHITE,NORTH AMERICA,MAN,
9B18M163,,1,BROWN,SOUTHERN ASIA,MAN,
9B18M164,,1,WHITE,SOUTHERN AFRICA,WOMAN,35
9B18M165,,1,ASIAN,NORTH AMERICA,WOMAN,
9B18M166,,1,WHITE,NORTH AMERICA,MAN,
9B18M167,,1,WHITE,NORTH AMERICA,WOMAN,
9B18M169,,1,ASIAN,EASTERN ASIA,MAN,40
9B18M170,,1,ASIAN,EASTERN ASIA,WOMAN,
9B18M174,,0,,,,
9B18M175,,1,WHITE,NORTH AMERICA,WOMAN,
9B18M176,,1,,SOUTHERN ASIA,MAN,
9B18M177,,1,BROWN,SOUTHERN ASIA,MAN,
9B18M179,,1,BROWN,SOUTHERN ASIA,MAN,
9B18M180,,1,,NORTH AMERICA,MAN,
9B18M181,,1,BROWN,SOUTHERN ASIA,WOMAN,
9B18M182,,0,,,,
9B18M183,,0,,,,
9B18M184,,1,ASIAN,EASTERN ASIA,MAN,
9B18M185,,1,WHITE,NORTH AMERICA,MAN,63
9B18M187,,1,ASIAN,EASTERN ASIA,MAN,0
9B18M189,,1,WHITE,EASTERN EUROPE,MAN,
9B18M190,,0,,,,
9B18M191,,0,,,,
9B18M192,,0,,,,
9B18M193,,1,ASIAN,EASTERN ASIA,MAN,
9B18M194,,1,BROWN,SOUTHERN ASIA,MAN,
9B18M195,,1,ASIAN,EASTERN ASIA,WOMAN,
9B18M196,,1,ASIAN,EASTERN ASIA,MAN,
9B18M197,,1,WHITE,NORTH AMERICA,WOMAN,
9B18M198,,0,,,,
9B18M199,,1,BROWN,SOUTHERN ASIA,MAN,58
9B18M200,,0,,,,
9B18M201,,1,BROWN,SOUTHERN ASIA,MAN,
9B18M202,,1,WHITE,NORTH AMERICA,WOMAN,
9B18M203,,1,WHITE,NORTH AMERICA,MAN,
9B18N002,,1,WHITE,SOUTHERN ASIA,WOMAN,
9B18N003,,1,BROWN,NORTH AMERICA,MAN,
9B18N005,,1,WHITE,NORTH AMERICA,MAN,73
9B18N006,,1,ASIAN,EASTERN ASIA,WOMAN,
9B18N007,,0,,,,
9B18N008,,1,WHITE,SOUTHERN ASIA,WOMAN,
9B18N010,,1,BROWN,NORTH AMERICA,WOMAN,
9B18N011,,1,WHITE,SOUTHERN ASIA,MAN,
9B18N013,,0,,,,
9B18N014,,1,,NORTH AMERICA,WOMAN,
9B18N015,,1,ASIAN,NORTH AMERICA,MAN,54
9B18N017,,1,WHITE,EASTERN ASIA,MAN,
9B18N018,,1,,,WOMAN,
9B18N019,,0,,,,
9B18N020,,0,,,,
9B18N021,,0,,,,
9B18N022,,1,WHITE,NORTH AMERICA,MAN,
9B18N023,,1,BROWN,SOUTHERN ASIA,MAN,
9B18N024,,1,BROWN,SOUTHERN ASIA,MAN,
9B18N025,,1,,,,0
9B18N026,,0,,,,
9B18N027,,1,WHITE,NORTH AMERICA,MAN,
9B19A001,,0,,,,
9B19A002,,1,WHITE,NORTH AMERICA,MAN,
9B19A003,,1,BROWN,SOUTHERN ASIA,MAN,
9B19A004,,1,BROWN,SOUTHERN ASIA,MAN,
9B19A005,,1,WHITE,NORTHERN EUROPE,MAN,50
9B19A006,,1,WHITE,NORTH AMERICA,MAN,52
9B19A007,,0,,,,
9B19A008,,1,BROWN,SOUTHERN ASIA,MAN,
9B19A009,,1,BROWN,SOUTHERN ASIA,MAN,
9B19A010,,1,WHITE,NORTH AMERICA,MAN,
9B19A012,,1,WHITE,NORTH AMERICA,WOMAN,
9B19A013,,0,,,,
9B19A014,,1,,,WOMAN,
9B19A016,,1,ASIAN,EASTERN ASIA,MAN,
9B19A017,,1,WHITE,NORTH AMERICA,MAN,74
9B19A019,,1,BROWN,SOUTHERN ASIA,MAN,
9B19A020,,1,BROWN,SOUTHERN ASIA,MAN,
9B19A021,,1,WHITE,NORTHERN EUROPE,MAN,
9B19A023,,1,WHITE,NORTH AMERICA,MAN,28
9B19A027,,1,ASIAN,NORTH AMERICA,MAN,
9B19A028,,1,BROWN,SOUTHERN ASIA,MAN,
9B19A030,,1,BROWN,SOUTHERN ASIA,MAN,
9B19A031,,1,BROWN,SOUTHEASTERN ASIA,MAN,
9B19A033,,1,BROWN,SOUTHERN ASIA,MAN,
9B19A034,,1,ASIAN,SOUTHEASTERN ASIA,MAN,
9B19A035,,1,WHITE,NORTH AMERICA,MAN,
9B19A037,,1,WHITE,SOUTHERN AFRICA,MAN,
9B19A038,,1,ASIAN,EASTERN ASIA,MAN,
9B19A039,,1,WHITE,NORTH AMERICA,MAN,
9B19A043,,1,BROWN,SOUTHERN ASIA,MAN,
9B19A052,,0,,,,
9B19A053,,1,WHITE,NORTH AMERICA,MAN,49
9B19A054,,1,BROWN,SOUTHERN ASIA,MAN,
9B19A055,,1,WHITE,NORTH AMERICA,MAN,
9B19A056,,1,WHITE,NORTH AMERICA,WOMAN,
9B19A057,,0,,,,
9B19A058,,1,BROWN,SOUTHERN ASIA,MAN,
9B19B001,,1,,,,
9B19B002,,1,WHITE,NORTH AMERICA,MAN,
9B19B003,,1,BROWN,SOUTHERN ASIA,MAN,
9B19B004,,0,,,,
9B19B005,,1,WHITE,NORTH AMERICA,WOMAN,
9B19B006,,0,,,,
9B19B007,,1,WHITE,,MAN,
9B19B008,,1,WHITE,NORTH AMERICA,MAN,
9B19B014,,1,WHITE,NORTH AMERICA,MAN,
9B19B015,,1,WHITE,NORTH AMERICA,MAN,
9B19B016,,1,WHITE,NORTH AMERICA,MAN,
9B19B017,,1,WHITE,NORTH AMERICA,WOMAN,
9B19C001,,1,ASIAN,SOUTHEASTERN ASIA,MAN,
9B19C002,,1,ASIAN,SOUTHEASTERN ASIA,MAN,
9B19C003,,1,WHITE,AUSTRALIA AND NEW ZEALAND,MAN,
9B19C004,,1,WHITE,SOUTHERN AFRICA,WOMAN,
9B19C005,,1,ASIAN,UNKNOWN,WOMAN,
9B19C006,,1,WHITE,UNKNOWN,MAN,
9B19C007,,1,WHITE,NORTH AMERICA,WOMAN,49
9B19C008,,1,ASIAN,EASTERN ASIA,MAN,48
9B19C009,,1,WHITE,NORTH AMERICA,MAN,48
9B19C010,,1,BLACK,SOUTHERN AFRICA,WOMAN,
9B19C011,,1,WHITE,WESTERN EUROPE,WOMAN,
9B19C012,,1,WHITE,WESTERN EUROPE,WOMAN,
9B19C013,,1,WHITE,NORTH AMERICA,WOMAN,
9B19C014,,1,ASIAN,EASTERN ASIA,MAN,37
9B19C015,,1,WHITE,NORTH AMERICA,MAN,
9B19C016,,1,BROWN,SOUTHERN ASIA,MAN,
9B19C017,,1,BROWN,SOUTHERN ASIA,MAN,
9B19C018,,1,,SOUTHERN ASIA,MAN,
9B19C019,,1,WHITE,NORTH AMERICA,WOMAN,59
9B19C020,,1,BROWN,NORTH AMERICA,WOMAN,
9B19C021,,1,WHITE,NORTH AMERICA,MAN,
9B19C022,,1,ASIAN,EASTERN ASIA,WOMAN,
9B19C023,,1,ASIAN,EASTERN ASIA,WOMAN,
9B19C024,,1,ASIAN,EASTERN ASIA,WOMAN,
9B19C026,,1,WHITE,EASTERN EUROPE,MAN,
9B19C027,,0,,,,
9B19C028,,1,BROWN,SOUTHERN ASIA,MAN,
9B19C029,,1,WHITE,NORTHERN EUROPE,MAN,
9B19C030,,1,,NORTH AMERICA,WOMAN,
9B19C031,,0,,,,
9B19C032,,0,,,,
9B19D001,,1,BROWN,SOUTHERN ASIA,MAN,
9B19D002,,1,WHITE,NORTH AMERICA,MAN,
9B19D003,,1,BROWN,SOUTHERN ASIA,MAN,
9B19D004,,1,WHITE,NORTH AMERICA,MAN,
9B19D005,,1,WHITE,NORTH AMERICA,MAN,
9B19D006,,1,WHITE,NORTH AMERICA,MAN,
9B19D007,,1,ASIAN,EASTERN ASIA,WOMAN,
9B19D008,,1,ASIAN,NORTH AMERICA,WOMAN,
9B19D009,,1,ASIAN,EASTERN ASIA,MAN,39
9B19D012,,1,ASIAN,NORTH AMERICA,WOMAN,
9B19D013,,1,WHITE,NORTH AMERICA,MAN,53
9B19D015,,1,ASIAN,EASTERN ASIA,WOMAN,
9B19D016,,1,BROWN,SOUTHERN ASIA,MAN,
9B19D021,,0,,,,
9B19D023,,1,ASIAN,EASTERN ASIA,MAN,
9B19D024,,1,WHITE,NORTH AMERICA,MAN,
9B19E001,,1,BROWN,SOUTHERN ASIA,MAN,
9B19E002,,0,,,,
9B19E003,,1,ASIAN,EASTERN ASIA,MAN,
9B19E004,,1,,,WOMAN,
9B19E006,,0,,,,
9B19E007,,1,,,WOMAN,
9B19E008,,1,WHITE,NORTH AMERICA,MAN,
9B19E009,,1,WHITE,NORTH AMERICA,MAN,
9B19E010,,1,BROWN,SOUTHERN ASIA,MAN,
9B19E011,,1,BROWN,WESTERN ASIA,WOMAN,
9B19E012,,1,ASIAN,EASTERN ASIA,MAN,
9B19E013,,1,WHITE,NORTH AMERICA,WOMAN,
9B19E014,,1,WHITE,NORTH AMERICA,MAN,
9B19E015,,1,WHITE,NORTH AMERICA,MAN,
9B19E016,,0,,,,
9B19E022,,1,BROWN,SOUTHERN ASIA,MAN,52
9B19E023,,1,WHITE,NORTH AMERICA,MAN,
9B19M001,,1,BROWN,SOUTHERN ASIA,WOMAN,
9B19M002,,1,WHITE,NORTH AMERICA,MAN,
9B19M003,,1,BROWN,SOUTHERN ASIA,MAN,
9B19M004,,1,ASIAN,SOUTHEASTERN ASIA,MAN,60
9B19M006,,1,BROWN,SOUTHERN ASIA,MAN,
9B19M007,,0,,,,
9B19M008,,1,ASIAN,EASTERN ASIA,MAN,
9B19M009,,1,WHITE,SOUTHERN AFRICA,WOMAN,
9B19M010,,1,ASIAN,EASTERN ASIA,MAN,
9B19M013,,0,,,,
9B19M014,,1,WHITE,EASTERN EUROPE,MAN,
9B19M016,,1,BROWN,SOUTHERN ASIA,MAN,
9B19M017,,1,WHITE,SOUTHERN AFRICA,MAN,
9B19M019,,1,WHITE,SOUTHERN AFRICA,MAN,
9B19M021,,1,WHITE,NORTH AMERICA,WOMAN,
9B19M022,,1,WHITE,NORTHERN EUROPE,MAN,
9B19M023,,1,WHITE,NORTH AMERICA,WOMAN,
9B19M024,,1,WHITE,NORTH AMERICA,MAN,
9B19M025,,1,BROWN,SOUTHERN ASIA,MAN,
9B19M026,,1,WHITE,NORTH AMERICA,MAN,
9B19M027,,1,ASIAN,EASTERN ASIA,WOMAN,
9B19M028,,0,,,,
9B19M029,,1,WHITE,WESTERN EUROPE,MAN,83
9B19M030,,1,WHITE,SOUTHERN AFRICA,MAN,
9B19M031,,1,ASIAN,EASTERN ASIA,MAN,
9B19M032,,1,ASIAN,EASTERN ASIA,MAN,47
9B19M033,,1,WHITE,NORTH AMERICA,MAN,47
9B19M034,,1,ASIAN,EASTERN ASIA,MAN,
9B19M035,,1,WHITE,WESTERN EUROPE,MAN,65
9B19M036,,1,ASIAN,EASTERN ASIA,MAN,
9B19M037,,1,BLACK,NORTH AMERICA,WOMAN,
9B19M038,,1,WHITE,,MAN,
9B19M039,,1,BROWN,SOUTHERN ASIA,MAN,
9B19M041,,1,ASIAN,EASTERN ASIA,MAN,
9B19M042,,1,WHITE,NORTH AMERICA,WOMAN,
9B19M043,,1,BROWN,SOUTHERN ASIA,MAN,
9B19M044,,1,ASIAN,EASTERN ASIA,MAN,43
9B19M046,,1,WHITE,WESTERN EUROPE,MAN,
9B19M047,,0,,,,
9B19M048,,0,,,,
9B19M049,,1,WHITE,NORTH AMERICA,WOMAN,58
9B19M050,,1,WHITE,NORTH AMERICA,MAN,38
9B19M051,,1,ASIAN,EASTERN ASIA,MAN,
9B19M052,,1,ASIAN,SOUTHERN ASIA,MAN,
9B19M053,,1,ASIAN,SOUTHEASTERN ASIA,MAN,
9B19M054,,1,WHITE,AUSTRALIA AND NEW ZEALAND,MAN,
9B19M055,,1,BROWN,SOUTHERN ASIA,MAN,
9B19M056,,1,WHITE,NORTH AMERICA,MAN,
9B19M057,,1,WHITE,NORTHERN EUROPE,MAN,58
9B19M058,,0,,,,
9B19M059,,1,BROWN,SOUTHEASTERN ASIA,MAN,
9B19M062,,1,ASIAN,EASTERN ASIA,MAN,
9B19M063,,1,WHITE,NORTH AMERICA,WOMAN,
9B19M064,,1,BROWN,SOUTHERN ASIA,MAN,
9B19M065,,1,BROWN,SOUTHERN ASIA,MAN,61
9B19M066,,1,WHITE,SOUTHERN EUROPE,MAN,62
9B19M067,,1,ASIAN,SOUTHEASTERN ASIA,MAN,
9B19M069,,1,BROWN,SOUTHERN ASIA,MAN,
9B19M070,,0,,,,
9B19M071,,1,ASIAN,NORTH AMERICA,MAN,
9B19M072,,0,,,,
9B19M073,,1,ASIAN,EASTERN ASIA,MAN,61
9B19M074,,1,ASIAN,EASTERN ASIA,MAN,
9B19M075,,1,ASIAN,EASTERN ASIA,MAN,
9B19M076,,1,WHITE,NORTHERN EUROPE,MAN,65
9B19M077,,1,WHITE,NORTHERN EUROPE,MAN,65
9B19M078,,1,WHITE,NORTH AMERICA,WOMAN,
9B19M079,,1,BROWN,WESTERN ASIA,MAN,
9B19M080,,1,ASIAN,SOUTHEASTERN ASIA,MAN,
9B19M081,,1,ASIAN,EASTERN ASIA,MAN,41
9B19M083,,0,,,,
9B19M084,,1,WHITE,NORTH AMERICA,WOMAN,
9B19M085,,1,WHITE,NORTH AMERICA,WOMAN,
9B19M086,,1,BROWN,SOUTHERN ASIA,MAN,
9B19M091,,1,WHITE,NORTH AMERICA,WOMAN,
9B19M092,,1,WHITE,EASTERN ASIA,MAN,64
9B19M095,,0,,,,
9B19M096,,1,,WESTERN ASIA,MAN,
9B19M099,,1,WHITE,SOUTHERN AFRICA,MAN,47
9B19M100,,0,,,,
9B19M102,,1,BROWN,SOUTHERN ASIA,MAN,
9B19M103,,0,,,,
9B19M104,,1,,,,
9B19M105,,0,,,,
9B19M106,,1,ASIAN,EASTERN ASIA,MAN,
9B19M112,,1,,,MAN,
9B19M113,,1,BROWN,WESTERN ASIA,MAN,
9B19M118,,0,ASIAN,,MAN,
9B19M119,,0,,,,
9B19M121,,1,,WESTERN ASIA,WOMAN,
9B19M122,,1,WHITE,NORTHERN EUROPE,MAN,60
9B19M123,,1,BROWN,SOUTHERN ASIA,MAN,26
9B19M124,,1,WHITE,EASTERN ASIA,MAN,
9B19M125,,1,WHITE,WESTERN EUROPE,MAN,53
9B19M128,,0,,,,
9B19M129,,1,BROWN,SOUTHERN ASIA,MAN,
9B19M130,,1,WHITE,NORTH AMERICA,MAN,65
9B19M131,,1,WHITE,NORTH AMERICA,MAN,
9B19M133,,1,BROWN,SOUTHERN ASIA,MAN,
9B19M134,,0,,,,
9B19M135,,1,ASIAN,EASTERN ASIA,MAN,
9B19M136,,0,,,,
9B19M137,,0,,,,
9B19M138,,1,BLACK,SOUTHERN AFRICA,MAN,
9B19M139,,0,,,,
9B19M140,,1,BROWN,SOUTHERN ASIA,MAN,
9B19M141,,1,WHITE,NORTH AMERICA,MAN,
9B19N001,,0,,,,
9B19N002,,1,WHITE,WESTERN EUROPE,MAN,
9B19N003,,1,WHITE,WESTERN EUROPE,MAN,
9B19N004,,1,BROWN,SOUTHERN ASIA,MAN,
9B19N005,,0,,,,
9B19N006,,1,ASIAN,EASTERN ASIA,MAN,
9B19N007,,1,WHITE,NORTH AMERICA,MAN,89
9B19N008,,1,ASIAN,EASTERN ASIA,MAN,56
9B19N009,,1,WHITE,NORTH AMERICA,MAN,
9B19N010,,1,BROWN,SOUTHERN ASIA,MAN,
9B19N012,,0,,,,
9B19N013,,1,BROWN,NORTH AMERICA,WOMAN,
9B19N014,,1,WHITE,NORTHERN EUROPE,MAN,
9B19N015,,1,WHITE,NORTH AMERICA,WOMAN,
9B19N016,,0,,,,
9B19N020,,0,,,,
9B19N021,,1,ASIAN,SOUTHEASTERN ASIA,WOMAN,
9B19N022,,1,WHITE,NORTH AMERICA,WOMAN,
9B19N023,,1,ASIAN,EASTERN ASIA,MAN,
9B19N024,,1,WHITE,SOUTHEASTERN ASIA,WOMAN,
9B21A001,,1,,NORTH AMERICA,MAN,
9B21A002,,1,BROWN,SOUTHERN ASIA,MAN,37
9B21A003,,1,ASIAN,SOUTHERN ASIA,MAN,
9B21A004,,1,WHITE,NORTH AMERICA,MAN,
9B21A005,,1,WHITE,NORTH AMERICA,MAN,
9B21A006,,1,WHITE,NORTH AMERICA,WOMAN,
9B21A008,,1,BROWN,SOUTHERN ASIA,MAN,26
9B21A009,,1,ASIAN,SOUTHERN ASIA,MAN,
9B21A011,,1,BROWN,SOUTHERN ASIA,MAN,
9B21A012,,1,BROWN,NORTH AMERICA,WOMAN,
9B21A013,,1,BROWN,SOUTHERN ASIA,WOMAN,
9B21A014,,1,WHITE,NORTH AMERICA,MAN,
9B21A015,,1,ASIAN,SOUTHEASTERN ASIA,MAN,
9B21A016,,1,BROWN,SOUTHERN ASIA,WOMAN,
9B21A017,,1,WHITE,NORTH AMERICA,WOMAN,
9B21A018,,0,,,,
9B21A019,,1,BROWN,SOUTHERN ASIA,MAN,
9B21A020,,1,BROWN,UNKNOWN,WOMAN,
9B21A022,,1,WHITE,NORTH AMERICA,MAN,
9B21A023,,1,,NORTH AMERICA,WOMAN,
9B21B001,,1,,NORTH AMERICA,MAN,
9B21B002,,1,WHITE,NORTH AMERICA,WOMAN,
9B21B003,,1,WHITE,WESTERN EUROPE,WOMAN,
9B21B004,,1,WHITE,NORTH AMERICA,MAN,
9B21B005,,1,,UNKNOWN,WOMAN,
9B21B006,,1,,,WOMAN,
9B21B007,,1,WHITE,NORTH AMERICA,MAN,
9B21B008,,1,WHITE,NORTH AMERICA,WOMAN,
9B21B009,,0,,,,
9B21B010,,1,WHITE,NORTH AMERICA,WOMAN,
9B21B011,,1,WHITE,NORTH AMERICA,MAN,
9B21B012,,0,,,,
9B21B013,,1,BROWN,SOUTHERN ASIA,MAN,
9B21C001,,1,BROWN,SOUTHERN ASIA,MAN,
9B21C002,,1,ASIAN,NORTH AMERICA,MAN,
9B21C004,,1,WHITE,NORTH AMERICA,MAN,
9B21C005,,1,WHITE,NORTH AMERICA,WOMAN,
9B21C006,,1,WHITE,NORTH AMERICA,MAN,
9B21C007,,1,WHITE,NORTH AMERICA,MAN,
9B21C008,,1,ASIAN,SOUTHEASTERN ASIA,MAN,
9B21C010,,1,WHITE,NORTH AMERICA,WOMAN,
9B21C012,,1,BROWN,SOUTHERN ASIA,WOMAN,
9B21C013,,1,WHITE,NORTH AMERICA,WOMAN,
9B21C015,,1,WHITE,SOUTHERN AFRICA,MAN,
9B21C016,,1,WHITE,NORTH AMERICA,WOMAN,
9B21C017,,1,WHITE,NORTH AMERICA,WOMAN,
9B21C018,,1,WHITE,NORTH AMERICA,MAN,
9B21C019,,1,WHITE,NORTH AMERICA,MAN,
9B21C020,,1,WHITE,UNKNOWN,WOMAN,24
9B21C026,,1,BLACK,WESTERN AFRICA,MAN,
9B21C028,,1,BROWN,SOUTHERN ASIA,MAN,
9B21D005,,1,ASIAN,EASTERN ASIA,MAN,
9B21D006,,1,WHITE,NORTH AMERICA,WOMAN,
9B21D007,,1,ASIAN,EASTERN ASIA,MAN,
9B21D008,,1,BROWN,SOUTHERN ASIA,MAN,
9B21D009,,1,ASIAN,EASTERN ASIA,MAN,
9B21D010,,1,,,MAN,
9B21D012,,1,,UNKNOWN,WOMAN,
9B21E001,,1,WHITE,NORTH AMERICA,MAN,
9B21E002,,1,ASIAN,SOUTHERN ASIA,MAN,
9B21E003,,1,BROWN,SOUTHERN ASIA,MAN,
9B21E004,,0,,,,
9B21E005,,0,,,,
9B21E006,,1,ASIAN,EASTERN ASIA,MAN,
9B21E007,,1,ASIAN,EASTERN ASIA,MAN,
9B21E008,,1,WHITE,NORTH AMERICA,MAN,
9B21E009,,1,WHITE,NORTH AMERICA,WOMAN,
9B21E010,,1,ASIAN,EASTERN ASIA,MAN,
9B21E011,,1,WHITE,NORTH AMERICA,WOMAN,
9B21M001,,0,,,,
9B21M002,,0,,,,
9B21M003,,1,WHITE,AUSTRALIA AND NEW ZEALAND,MAN,
9B21M004,,1,WHITE,NORTH AMERICA,MAN,
9B21M005,,1,WHITE,NORTH AMERICA,MAN,
9B21M006,,0,,,,
9B21M007,,1,,SOUTHERN AFRICA,WOMAN,
9B21M008,,1,,SOUTHERN AFRICA,WOMAN,
9B21M009,,1,,SOUTHEASTERN ASIA,MAN,
9B21M010,,1,,NORTH AMERICA,MAN,
9B21M011,,0,,,,
9B21M012,,1,,NORTH AMERICA,MAN,
9B21M013,,1,ASIAN,SOUTHEASTERN ASIA,MAN,
9B21M014,,0,,,,
9B21M015,,1,WHITE,NORTH AMERICA,MAN,
9B21M016,,1,WHITE,WESTERN EUROPE,MAN,
9B21M017,,1,ASIAN,EASTERN ASIA,MAN,
9B21M018,,1,WHITE,NORTH AMERICA,MAN,
9B21M019,,1,WHITE,AUSTRALIA AND NEW ZEALAND,WOMAN,
9B21M020,,1,BROWN,SOUTHERN ASIA,WOMAN,
9B21M021,,1,WHITE,NORTH AMERICA,WOMAN,34
9B21M022,,1,WHITE,SOUTH AMERICA,MAN,
9B21M023,,1,WHITE,NORTHERN EUROPE,WOMAN,
9B21M024,,1,BROWN,SOUTHERN ASIA,MAN,
9B21M025,,1,WHITE,AUSTRALIA AND NEW ZEALAND,MAN,39
9B21M026,,1,WHITE,NORTH AMERICA,WOMAN,
9B21M027,,1,ASIAN,EASTERN ASIA,MAN,
9B21M028,,1,WHITE,UNKNOWN,MAN,
9B21M029,,1,ASIAN,EASTERN ASIA,MAN,
9B21M030,,1,,,MAN,
9B21M031,,0,,,,
9B21M032,,1,BROWN,SOUTHERN ASIA,MAN,
9B21M033,,1,WHITE,NORTH AMERICA,MAN,
9B21M034,,1,WHITE,NORTH AMERICA,WOMAN,
9B21M035,,1,BLACK,WESTERN AFRICA,MAN,
9B21M036,,0,,,,
9B21M038,,1,BROWN,SOUTHERN ASIA,MAN,
9B21M039,,1,ASIAN,NORTH AMERICA,MAN,
9B21M040,,0,,,,
9B21M041,,1,ASIAN,SOUTHEASTERN ASIA,MAN,
9B21M042,,,,,,
9B21M043,,1,WHITE,NORTH AMERICA,MAN,
9B21M044,,0,,,,
9B21M045,,1,BROWN,SOUTHERN ASIA,MAN,
9B21M046,,0,,,,
9B21M047,,1,BROWN,SOUTHERN ASIA,MAN,
9B21M048,,1,WHITE,WESTERN EUROPE,MAN,
9B21M050,,1,WHITE,NORTH AMERICA,WOMAN,
9B21M051,,1,WHITE,SOUTHERN AFRICA,MAN,
9B21M052,,1,BROWN,SOUTHERN ASIA,MAN,
9B21M053,,1,BROWN,SOUTHERN ASIA,MAN,
9B21M054,,1,BROWN,SOUTHERN ASIA,MAN,
9B21M055,,1,INDIGENOUS,NORTH AMERICA,WOMAN,
9B21M056,,0,,,,
9B21M057,,1,WHITE,NORTH AMERICA,MAN,
9B21M058,,1,WHITE,NORTH AMERICA,WOMAN,
9B21M059,,1,ASIAN,EASTERN ASIA,,
9B21M060,,0,,,,
9B21M061,,1,ASIAN,EASTERN ASIA,MAN,
9B21M062,,0,,,,
9B21M063,,1,WHITE,NORTH AMERICA,MAN,
9B21M064,,1,ASIAN,EASTERN ASIA,MAN,
9B21M066,,0,,,,
9B21M068,,0,,,,
9B21M070,,1,WHITE,SOUTHERN AFRICA,WOMAN,
9B21N001,,1,ASIAN,EASTERN ASIA,MAN,
9B21N002,,1,WHITE,NORTH AMERICA,MAN,
9B21N003,,1,BROWN,SOUTHERN ASIA,MAN,
9B21N006,,1,,UNKNOWN,MAN,
